crop_id,state,name_en,name_hi,name_mr,category,seasons,sow_months,duration_days,harvest_months,yield_q_acre_lo,yield_q_acre_hi,cost_rs_acre,cost_est,price_q_lo,price_q_mid,price_q_hi,price_est,msp_rs_q,procurement,irrigations_needed,rainfed_ok_seasons,tmin,topt_lo,topt_hi,tmax,ph_lo,ph_hi,perishable,glut_prone,loss_frac,cluster_absorb_acres,src_yield,src_cost,src_price,src_other,as_of
rice,*,Rice (paddy),धान,भात,cereal,Kharif,Jun-Jul,125,Oct-Nov,15.8,17.9,30160,0,1700,1970,2340,0,2441,0.45,99,Kharif,16,25,35,38,5.0,8.0,0,0,0.0477,50000,"All-India yield 2020-21..2024-25 2607-2780 kg/ha (kharif rice x1.5 = paddy) (DES, via CACP KMS25-26 Annex Table 1.3) https://cacp.da.gov.in/Document/EnglishReports/KharifReports2025-26_20250825125215821.pdf; hi = max(best year, CACP CoC sample yield 44.18 q/ha, Annex 5.5 https://cacp.da.gov.in/Document/EnglishReports/KharifReports2025-26_20250825125215821.pdf)","CACP Price Policy Kharif KMS2025-26, Annex Table 5.2: A2+FL Rs 61,314/ha all-India TE2023-24, /2.471 per acre, x1.05^4 (=1.216) inflation to 2026-27 https://cacp.da.gov.in/Document/EnglishReports/KharifReports2025-26_20250825125215821.pdf","CEDA Ashoka / DMI Agmarknet monthly modal (all-India), 'Paddy(Dhan)(Common)', harvest months Oct-Dec, seasons 2020-2024; season means 1697/1791/1972/2243/2337 Rs/q, worst/median/best rounded to 10 https://agmarknet.ceda.ashoka.edu.in","MSP KMS2026-27 (PIB 13-May-2026) https://www.pib.gov.in/PressReleasePage.aspx?PRID=2260617; procurement: CACP KMS25-26 para 2.33: rice procurement ~45% of production nationally (Punjab 92%); MH ~1% of all-India procurement, low (https://cacp.da.gov.in/Document/EnglishReports/KharifReports2025-26_20250825125215821.pdf); loss: NABCONS 2022 farm+market paddy 4.16+0.61 % https://www.pib.gov.in/PressReleasePage.aspx?PRID=2151371; temp/pH: FAO ECOCROP 'Rice paddy (Indica)' (abs 16-38 C, opt 25-35 C; pH opt 5.0-8.0, abs max 9.0; ph_hi = max(opt max, min(8.0, abs max-0.5)) to allow Indian Vertisol/alkaline soils) https://github.com/cropmodels/Recocrop (FAO ECOCROP table); calendar & irrigation counts: typical SAU/ICAR package-of-practice values (judgement, not verified crop by crop) https://agritech.tnau.ac.in; cluster_absorb: judgement; glut_prone 0 (storable, MSP-backed); rainfed_ok Kharif reflects high-rainfall rice zones (e.g. east Vidarbha, Konkan), not dry districts",2026-27 MSP; CoC TE2023-24 inflated; prices 2020-2025
rice,Maharashtra,Rice (paddy),धान,भात,cereal,Kharif,Jun-Jul,125,Oct-Nov,12.8,14.4,41570,0,2060,2230,2660,0,2441,0.15,99,Kharif,16,25,35,38,5.0,8.0,0,0,0.0477,50000,"lo/state best: Economic Survey of Maharashtra 2025-26 Annex 7.3 (MH yield 2020-21/2023-24/2024-25 = 2109/2379/2380 kg/ha; rice x1.5 = paddy) https://mls.org.in/PDF2026/budjet/ESM_25_26_Eng%20Book.pdf; hi: CACP CoC sample-farm projected MH yield 21.07 q/ha (Annex 5.5, https://cacp.da.gov.in/Document/EnglishReports/KharifReports2025-26_20250825125215821.pdf)","CACP Price Policy Kharif KMS2025-26, Annex Table 5.2: A2+FL Rs 84,498/ha MH TE2023-24, /2.471 per acre, x1.05^4 (=1.216) inflation to 2026-27 https://cacp.da.gov.in/Document/EnglishReports/KharifReports2025-26_20250825125215821.pdf","CEDA Ashoka / DMI Agmarknet monthly modal (Maharashtra), 'Paddy(Dhan)(Common)', harvest months Oct-Dec, seasons 2020-2024; season means 2063/2141/2231/2579/2657 Rs/q, worst/median/best rounded to 10 https://agmarknet.ceda.ashoka.edu.in","MSP KMS2026-27 (PIB 13-May-2026) https://www.pib.gov.in/PressReleasePage.aspx?PRID=2260617; procurement: CACP KMS25-26 para 2.33: rice procurement ~45% of production nationally (Punjab 92%); MH ~1% of all-India procurement, low (https://cacp.da.gov.in/Document/EnglishReports/KharifReports2025-26_20250825125215821.pdf); loss: NABCONS 2022 farm+market paddy 4.16+0.61 % https://www.pib.gov.in/PressReleasePage.aspx?PRID=2151371; temp/pH: FAO ECOCROP 'Rice paddy (Indica)' (abs 16-38 C, opt 25-35 C; pH opt 5.0-8.0, abs max 9.0; ph_hi = max(opt max, min(8.0, abs max-0.5)) to allow Indian Vertisol/alkaline soils) https://github.com/cropmodels/Recocrop (FAO ECOCROP table); calendar & irrigation counts: typical SAU/ICAR package-of-practice values (judgement, not verified crop by crop) https://agritech.tnau.ac.in; cluster_absorb: judgement; glut_prone 0 (storable, MSP-backed); rainfed_ok Kharif reflects high-rainfall rice zones (e.g. east Vidarbha, Konkan), not dry districts",2026-27 MSP; CoC TE2023-24 inflated; prices 2020-2025
wheat,*,Wheat,गेहूँ,गहू,cereal,Rabi,Nov-Dec,125,Mar-Apr,14.2,15.5,22410,0,1850,2230,2540,0,2585,0.26,5,,5,15,23,27,6.0,8.0,0,0,0.0417,50000,"All-India yield 2020-21..2024-25 3521-3559 kg/ha (DES, via CACP KMS25-26 Annex Table 1.3) https://cacp.da.gov.in/Document/EnglishReports/KharifReports2025-26_20250825125215821.pdf; hi = max(best year, CACP CoC sample yield 38.4 q/ha, Annex 5.5 https://cacp.da.gov.in/Document/EnglishReports/ViewQuestionare%20(2)_20251110111404262.pdf)","CACP Price Policy Rabi RMS2026-27, Annex Table 5.2: A2+FL Rs 45,558/ha all-India TE2023-24, /2.471 per acre, x1.05^4 (=1.216) inflation to 2026-27 https://cacp.da.gov.in/Document/EnglishReports/ViewQuestionare%20(2)_20251110111404262.pdf","CEDA Ashoka / DMI Agmarknet monthly modal (all-India), 'Wheat', harvest months Mar-May, seasons 2021-2025; season means 1850/2105/2225/2406/2540 Rs/q, worst/median/best rounded to 10 https://agmarknet.ceda.ashoka.edu.in","MSP RMS2026-27 (PIB 01-Oct-2025) https://www.pib.gov.in/PressReleasePage.aspx?PRID=2173567; procurement: CACP RMS26-27 para 2.29: wheat procurement 25.6% of production in RMS25-26; negligible in MH (https://cacp.da.gov.in/Document/EnglishReports/ViewQuestionare%20(2)_20251110111404262.pdf); loss: NABCONS 2022 farm+market 3.61+0.56 % https://www.pib.gov.in/PressReleasePage.aspx?PRID=2151371; temp/pH: FAO ECOCROP 'Wheat, common' (abs 5-27 C, opt 15-23 C; pH opt 6.0-7.0, abs max 8.5; ph_hi = max(opt max, min(8.0, abs max-0.5)) to allow Indian Vertisol/alkaline soils) https://github.com/cropmodels/Recocrop (FAO ECOCROP table); calendar & irrigation counts: typical SAU/ICAR package-of-practice values (judgement, not verified crop by crop) https://agritech.tnau.ac.in; cluster_absorb: judgement; glut_prone 0 (storable, MSP-backed)",2026-27 MSP; CoC TE2023-24 inflated; prices 2020-2025
wheat,Maharashtra,Wheat,गेहूँ,गहू,cereal,Rabi,Nov-Dec,115,Mar-Apr,7.4,11.8,22410,1,1880,2410,2670,0,2585,0.02,5,,5,15,23,27,6.0,8.0,0,0,0.0417,50000,"lo/state best: Economic Survey of Maharashtra 2025-26 Annex 7.3 (MH yield 2020-21/2023-24/2024-25 = 1839/1899/2064 kg/ha) https://mls.org.in/PDF2026/budjet/ESM_25_26_Eng%20Book.pdf; hi: CACP CoC sample-farm projected MH yield 29.1 q/ha (Annex 5.5, https://cacp.da.gov.in/Document/EnglishReports/ViewQuestionare%20(2)_20251110111404262.pdf)","ESTIMATE: CACP MH sample farms (A2+FL Rs 59,787/ha) report yield 29.1 q/ha, >1.5x the MH state mean, so the all-India A2+FL is used as closer to an average smallholder. CACP Price Policy Rabi RMS2026-27, Annex Table 5.2: A2+FL Rs 45,558/ha MH TE2023-24, /2.471 per acre, x1.05^4 (=1.216) inflation to 2026-27 https://cacp.da.gov.in/Document/EnglishReports/ViewQuestionare%20(2)_20251110111404262.pdf","CEDA Ashoka / DMI Agmarknet monthly modal (Maharashtra), 'Wheat', harvest months Mar-May, seasons 2021-2025; season means 1880/2221/2406/2588/2666 Rs/q, worst/median/best rounded to 10 https://agmarknet.ceda.ashoka.edu.in","MSP RMS2026-27 (PIB 01-Oct-2025) https://www.pib.gov.in/PressReleasePage.aspx?PRID=2173567; procurement: CACP RMS26-27 para 2.29: wheat procurement 25.6% of production in RMS25-26; negligible in MH (https://cacp.da.gov.in/Document/EnglishReports/ViewQuestionare%20(2)_20251110111404262.pdf); loss: NABCONS 2022 farm+market 3.61+0.56 % https://www.pib.gov.in/PressReleasePage.aspx?PRID=2151371; temp/pH: FAO ECOCROP 'Wheat, common' (abs 5-27 C, opt 15-23 C; pH opt 6.0-7.0, abs max 8.5; ph_hi = max(opt max, min(8.0, abs max-0.5)) to allow Indian Vertisol/alkaline soils) https://github.com/cropmodels/Recocrop (FAO ECOCROP table); calendar & irrigation counts: typical SAU/ICAR package-of-practice values (judgement, not verified crop by crop) https://agritech.tnau.ac.in; cluster_absorb: judgement; glut_prone 0 (storable, MSP-backed)",2026-27 MSP; CoC TE2023-24 inflated; prices 2020-2025
maize,*,Maize,मक्का,मका,cereal,Kharif|Rabi,Jun-Jul,100,Sep-Oct,10.8,15.7,26260,0,1380,2020,2290,0,2410,0.02,5,Kharif,10,18,33,47,5.0,8.0,0,0,0.0389,30000,"All-India yield 2020-21..2024-25 2671-2941 kg/ha (kharif maize) (DES, via CACP KMS25-26 Annex Table 1.3) https://cacp.da.gov.in/Document/EnglishReports/KharifReports2025-26_20250825125215821.pdf; hi = max(best year, CACP CoC sample yield 38.78 q/ha, Annex 5.5 https://cacp.da.gov.in/Document/EnglishReports/KharifReports2025-26_20250825125215821.pdf)","CACP Price Policy Kharif KMS2025-26, Annex Table 5.2: A2+FL Rs 53,388/ha all-India TE2023-24, /2.471 per acre, x1.05^4 (=1.216) inflation to 2026-27 https://cacp.da.gov.in/Document/EnglishReports/KharifReports2025-26_20250825125215821.pdf","CEDA Ashoka / DMI Agmarknet monthly modal (all-India), 'Maize', harvest months Oct-Dec, seasons 2020-2024; season means 1381/1599/2017/2039/2294 Rs/q, worst/median/best rounded to 10 https://agmarknet.ceda.ashoka.edu.in","MSP KMS2026-27 (PIB 13-May-2026) https://www.pib.gov.in/PressReleasePage.aspx?PRID=2260617; procurement: CACP KMS25-26 Annex 2.3: maize procurement ~0 (4,476 t in 2023-24) (https://cacp.da.gov.in/Document/EnglishReports/KharifReports2025-26_20250825125215821.pdf); loss: NABCONS 2022 farm+market 3.22+0.67 % https://www.pib.gov.in/PressReleasePage.aspx?PRID=2151371; temp/pH: FAO ECOCROP 'Maize' (abs 10-47 C, opt 18-33 C; pH opt 5.0-7.0, abs max 8.5; ph_hi = max(opt max, min(8.0, abs max-0.5)) to allow Indian Vertisol/alkaline soils) https://github.com/cropmodels/Recocrop (FAO ECOCROP table); calendar & irrigation counts: typical SAU/ICAR package-of-practice values (judgement, not verified crop by crop) https://agritech.tnau.ac.in; cluster_absorb: judgement; glut_prone 0 (storable, MSP-backed)",2026-27 MSP; CoC TE2023-24 inflated; prices 2020-2025
maize,Maharashtra,Maize,मक्का,मका,cereal,Kharif|Rabi,Jun-Jul,100,Sep-Oct,7.2,16.4,26260,1,1280,2000,2100,0,2410,0.02,5,Kharif,10,18,33,47,5.0,8.0,0,0,0.0389,30000,"lo/state best: Economic Survey of Maharashtra 2025-26 Annex 7.3 (MH yield 2020-21/2023-24/2024-25 = 2706/1783/2640 kg/ha; other cereals row, mostly maize) https://mls.org.in/PDF2026/budjet/ESM_25_26_Eng%20Book.pdf; hi: CACP CoC sample-farm projected MH yield 57.52 q/ha (Annex 5.5, https://cacp.da.gov.in/Document/EnglishReports/KharifReports2025-26_20250825125215821.pdf); capped at 1.5x state best year","ESTIMATE: CACP MH sample farms (A2+FL Rs 72,045/ha) report yield 57.52 q/ha, >1.5x the MH state mean, so the all-India A2+FL is used as closer to an average smallholder. CACP Price Policy Kharif KMS2025-26, Annex Table 5.2: A2+FL Rs 53,388/ha MH TE2023-24, /2.471 per acre, x1.05^4 (=1.216) inflation to 2026-27 https://cacp.da.gov.in/Document/EnglishReports/KharifReports2025-26_20250825125215821.pdf","CEDA Ashoka / DMI Agmarknet monthly modal (Maharashtra), 'Maize', harvest months Oct-Dec, seasons 2020-2024; season means 1284/1561/2000/2096/2098 Rs/q, worst/median/best rounded to 10 https://agmarknet.ceda.ashoka.edu.in","MSP KMS2026-27 (PIB 13-May-2026) https://www.pib.gov.in/PressReleasePage.aspx?PRID=2260617; procurement: CACP KMS25-26 Annex 2.3: maize procurement ~0 (4,476 t in 2023-24) (https://cacp.da.gov.in/Document/EnglishReports/KharifReports2025-26_20250825125215821.pdf); loss: NABCONS 2022 farm+market 3.22+0.67 % https://www.pib.gov.in/PressReleasePage.aspx?PRID=2151371; temp/pH: FAO ECOCROP 'Maize' (abs 10-47 C, opt 18-33 C; pH opt 5.0-7.0, abs max 8.5; ph_hi = max(opt max, min(8.0, abs max-0.5)) to allow Indian Vertisol/alkaline soils) https://github.com/cropmodels/Recocrop (FAO ECOCROP table); calendar & irrigation counts: typical SAU/ICAR package-of-practice values (judgement, not verified crop by crop) https://agritech.tnau.ac.in; cluster_absorb: judgement; glut_prone 0 (storable, MSP-backed)",2026-27 MSP; CoC TE2023-24 inflated; prices 2020-2025
jowar,*,Jowar (sorghum),ज्वार,ज्वारी,cereal,Kharif|Rabi,Jun-Jul,110,Oct-Nov,4.3,5.5,20270,0,1750,2650,3760,0,4023,0.05,2,Kharif,8,27,35,40,6.0,8.0,0,0,0.0592,20000,"All-India yield 2020-21..2024-25 1071-1210 kg/ha (kharif jowar) (DES, via CACP KMS25-26 Annex Table 1.3) https://cacp.da.gov.in/Document/EnglishReports/KharifReports2025-26_20250825125215821.pdf; hi = max(best year, CACP CoC sample yield 13.6 q/ha, Annex 5.5 https://cacp.da.gov.in/Document/EnglishReports/KharifReports2025-26_20250825125215821.pdf)","CACP Price Policy Kharif KMS2025-26, Annex Table 5.2: A2+FL Rs 41,209/ha all-India TE2023-24, /2.471 per acre, x1.05^4 (=1.216) inflation to 2026-27 https://cacp.da.gov.in/Document/EnglishReports/KharifReports2025-26_20250825125215821.pdf","CEDA Ashoka / DMI Agmarknet monthly modal (all-India), 'Jowar (Sorghum)', harvest months Oct-Dec, seasons 2020-2024; season means 1999/1750/2836/3762/2649 Rs/q, worst/median/best rounded to 10 https://agmarknet.ceda.ashoka.edu.in","MSP KMS2026-27 (PIB 13-May-2026) https://www.pib.gov.in/PressReleasePage.aspx?PRID=2260617; procurement: CACP KMS25-26 Annex 2.3: MH rabi jowar 86,625 t in 2023-24 (~5% of output), 0 in 2024-25 (https://cacp.da.gov.in/Document/EnglishReports/KharifReports2025-26_20250825125215821.pdf); loss: NABCONS 2022 farm+market sorghum 4.75+1.17 % https://www.pib.gov.in/PressReleasePage.aspx?PRID=2151371; temp/pH: FAO ECOCROP 'Sorghum (low altitude)' (abs 8-40 C, opt 27-35 C; pH opt 6.0-7.0, abs max 8.5; ph_hi = max(opt max, min(8.0, abs max-0.5)) to allow Indian Vertisol/alkaline soils) https://github.com/cropmodels/Recocrop (FAO ECOCROP table); calendar & irrigation counts: typical SAU/ICAR package-of-practice values (judgement, not verified crop by crop) https://agritech.tnau.ac.in; cluster_absorb: judgement; glut_prone 0 (storable, MSP-backed)",2026-27 MSP; CoC TE2023-24 inflated; prices 2020-2025
jowar,Maharashtra,Jowar (sorghum),ज्वार,ज्वारी,cereal,Kharif|Rabi,Sep-Oct,115,Feb-Mar,3.8,4.8,20630,0,1960,2560,3250,0,4023,0.05,2,Kharif|Rabi,8,27,35,40,6.0,8.0,0,0,0.0592,20000,"lo/state best: Economic Survey of Maharashtra 2025-26 Annex 7.3 (MH yield 2020-21/2023-24/2024-25 = 942/1020/1091 kg/ha) https://mls.org.in/PDF2026/budjet/ESM_25_26_Eng%20Book.pdf; hi: CACP CoC sample-farm projected MH yield 11.88 q/ha (Annex 5.5, https://cacp.da.gov.in/Document/EnglishReports/KharifReports2025-26_20250825125215821.pdf)","CACP Price Policy Kharif KMS2025-26, Annex Table 5.2: A2+FL Rs 41,944/ha MH TE2023-24, /2.471 per acre, x1.05^4 (=1.216) inflation to 2026-27 https://cacp.da.gov.in/Document/EnglishReports/KharifReports2025-26_20250825125215821.pdf","CEDA Ashoka / DMI Agmarknet monthly modal (Maharashtra), 'Jowar (Sorghum)', harvest months Feb-Apr, seasons 2021-2025; season means 1962/2026/3248/2898/2560 Rs/q, worst/median/best rounded to 10 https://agmarknet.ceda.ashoka.edu.in","MSP KMS2026-27 (PIB 13-May-2026) https://www.pib.gov.in/PressReleasePage.aspx?PRID=2260617; procurement: CACP KMS25-26 Annex 2.3: MH rabi jowar 86,625 t in 2023-24 (~5% of output), 0 in 2024-25 (https://cacp.da.gov.in/Document/EnglishReports/KharifReports2025-26_20250825125215821.pdf); loss: NABCONS 2022 farm+market sorghum 4.75+1.17 % https://www.pib.gov.in/PressReleasePage.aspx?PRID=2151371; temp/pH: FAO ECOCROP 'Sorghum (low altitude)' (abs 8-40 C, opt 27-35 C; pH opt 6.0-7.0, abs max 8.5; ph_hi = max(opt max, min(8.0, abs max-0.5)) to allow Indian Vertisol/alkaline soils) https://github.com/cropmodels/Recocrop (FAO ECOCROP table); calendar & irrigation counts: typical SAU/ICAR package-of-practice values (judgement, not verified crop by crop) https://agritech.tnau.ac.in; cluster_absorb: judgement; glut_prone 0 (storable, MSP-backed)",2026-27 MSP; CoC TE2023-24 inflated; prices 2020-2025
bajra,*,Bajra (pearl millet),बाजरा,बाजरी,cereal,Kharif,Jun-Jul,85,Sep-Oct,5.6,6.4,18260,0,1600,2210,2430,0,2900,0.05,2,Kharif,12,25,35,40,5.0,7.8,0,0,0.0437,20000,"All-India yield 2020-21..2024-25 1387-1443 kg/ha (DES, via CACP KMS25-26 Annex Table 1.3) https://cacp.da.gov.in/Document/EnglishReports/KharifReports2025-26_20250825125215821.pdf; hi = max(best year, CACP CoC sample yield 15.92 q/ha, Annex 5.5 https://cacp.da.gov.in/Document/EnglishReports/KharifReports2025-26_20250825125215821.pdf)","CACP Price Policy Kharif KMS2025-26, Annex Table 5.2: A2+FL Rs 37,123/ha all-India TE2023-24, /2.471 per acre, x1.05^4 (=1.216) inflation to 2026-27 https://cacp.da.gov.in/Document/EnglishReports/KharifReports2025-26_20250825125215821.pdf","CEDA Ashoka / DMI Agmarknet monthly modal (all-India), 'Bajra (Pearl Millet/Cumbu)', harvest months Sep-Nov, seasons 2021-2025; season means 1603/2015/2208/2433/2278 Rs/q, worst/median/best rounded to 10 https://agmarknet.ceda.ashoka.edu.in","MSP KMS2026-27 (PIB 13-May-2026) https://www.pib.gov.in/PressReleasePage.aspx?PRID=2260617; procurement: CACP KMS25-26 Annex 2.3: bajra procured mainly HR/UP (~0.6 Mt of ~10 Mt); none in MH (https://cacp.da.gov.in/Document/EnglishReports/KharifReports2025-26_20250825125215821.pdf); loss: NABCONS 2022 farm+market 3.59+0.78 % https://www.pib.gov.in/PressReleasePage.aspx?PRID=2151371; temp/pH: FAO ECOCROP 'Pearl millet' (abs 12-40 C, opt 25-35 C; pH opt 5.0-6.5, abs max 8.3; ph_hi = max(opt max, min(8.0, abs max-0.5)) to allow Indian Vertisol/alkaline soils) https://github.com/cropmodels/Recocrop (FAO ECOCROP table); calendar & irrigation counts: typical SAU/ICAR package-of-practice values (judgement, not verified crop by crop) https://agritech.tnau.ac.in; cluster_absorb: judgement; glut_prone 0 (storable, MSP-backed)",2026-27 MSP; CoC TE2023-24 inflated; prices 2020-2025
bajra,Maharashtra,Bajra (pearl millet),बाजरा,बाजरी,cereal,Kharif,Jun-Jul,85,Sep-Oct,2.5,8.0,18260,1,1710,2480,2550,0,2900,0.02,2,Kharif,12,25,35,40,5.0,7.8,0,0,0.0437,20000,"lo/state best: Economic Survey of Maharashtra 2025-26 Annex 7.3 (MH yield 2020-21/2023-24/2024-25 = 1317/608/1272 kg/ha) https://mls.org.in/PDF2026/budjet/ESM_25_26_Eng%20Book.pdf; hi: CACP CoC sample-farm projected MH yield 24.64 q/ha (Annex 5.5, https://cacp.da.gov.in/Document/EnglishReports/KharifReports2025-26_20250825125215821.pdf); capped at 1.5x state best year","ESTIMATE: CACP MH sample farms (A2+FL Rs 60,870/ha) report yield 24.64 q/ha, >1.5x the MH state mean, so the all-India A2+FL is used as closer to an average smallholder. CACP Price Policy Kharif KMS2025-26, Annex Table 5.2: A2+FL Rs 37,123/ha MH TE2023-24, /2.471 per acre, x1.05^4 (=1.216) inflation to 2026-27 https://cacp.da.gov.in/Document/EnglishReports/KharifReports2025-26_20250825125215821.pdf","CEDA Ashoka / DMI Agmarknet monthly modal (Maharashtra), 'Bajra (Pearl Millet/Cumbu)', harvest months Sep-Nov, seasons 2021-2025; season means 1709/2292/2481/2551/2506 Rs/q, worst/median/best rounded to 10 https://agmarknet.ceda.ashoka.edu.in","MSP KMS2026-27 (PIB 13-May-2026) https://www.pib.gov.in/PressReleasePage.aspx?PRID=2260617; procurement: CACP KMS25-26 Annex 2.3: bajra procured mainly HR/UP (~0.6 Mt of ~10 Mt); none in MH (https://cacp.da.gov.in/Document/EnglishReports/KharifReports2025-26_20250825125215821.pdf); loss: NABCONS 2022 farm+market 3.59+0.78 % https://www.pib.gov.in/PressReleasePage.aspx?PRID=2151371; temp/pH: FAO ECOCROP 'Pearl millet' (abs 12-40 C, opt 25-35 C; pH opt 5.0-6.5, abs max 8.3; ph_hi = max(opt max, min(8.0, abs max-0.5)) to allow Indian Vertisol/alkaline soils) https://github.com/cropmodels/Recocrop (FAO ECOCROP table); calendar & irrigation counts: typical SAU/ICAR package-of-practice values (judgement, not verified crop by crop) https://agritech.tnau.ac.in; cluster_absorb: judgement; glut_prone 0 (storable, MSP-backed)",2026-27 MSP; CoC TE2023-24 inflated; prices 2020-2025
ragi,*,Ragi (finger millet),रागी (मंडुआ),नाचणी,cereal,Kharif,Jun-Jul,115,Oct-Nov,5.6,7.0,26810,0,2480,2640,3650,0,5205,0.1,3,Kharif,8,18,27,35,6.0,7.0,0,0,0.0437,5000,"All-India yield 2020-21..2024-25 1375-1724 kg/ha (DES, via CACP KMS25-26 Annex Table 1.3) https://cacp.da.gov.in/Document/EnglishReports/KharifReports2025-26_20250825125215821.pdf; hi = max(best year, CACP CoC sample yield 14.62 q/ha, Annex 5.5 https://cacp.da.gov.in/Document/EnglishReports/KharifReports2025-26_20250825125215821.pdf)","CACP Price Policy Kharif KMS2025-26, Annex Table 5.2: A2+FL Rs 54,508/ha all-India TE2023-24, /2.471 per acre, x1.05^4 (=1.216) inflation to 2026-27 https://cacp.da.gov.in/Document/EnglishReports/KharifReports2025-26_20250825125215821.pdf","CEDA Ashoka / DMI Agmarknet monthly modal (all-India), 'Ragi (Finger Millet)', harvest months Oct-Dec, seasons 2020-2024; season means 2480/2531/2638/3198/3655 Rs/q, worst/median/best rounded to 10 https://agmarknet.ceda.ashoka.edu.in","MSP KMS2026-27 (PIB 13-May-2026) https://www.pib.gov.in/PressReleasePage.aspx?PRID=2260617; procurement: CACP KMS25-26 Annex 2.3: Karnataka 2.27 lakh t in 2023-24, ~0 in 2024-25; none in MH (https://cacp.da.gov.in/Document/EnglishReports/KharifReports2025-26_20250825125215821.pdf); loss: NABCONS 2022 farm+market proxy=bajra, ragi not in table % https://www.pib.gov.in/PressReleasePage.aspx?PRID=2151371; temp/pH: FAO ECOCROP 'Finger millet' (abs 8-35 C, opt 18-27 C; pH opt 6.0-6.5, abs max 7.5; ph_hi = max(opt max, min(8.0, abs max-0.5)) to allow Indian Vertisol/alkaline soils) https://github.com/cropmodels/Recocrop (FAO ECOCROP table); calendar & irrigation counts: typical SAU/ICAR package-of-practice values (judgement, not verified crop by crop) https://agritech.tnau.ac.in; cluster_absorb: judgement; glut_prone 0 (storable, MSP-backed)",2026-27 MSP; CoC TE2023-24 inflated; prices 2020-2025
ragi,Maharashtra,Ragi (finger millet),रागी (मंडुआ),नाचणी,cereal,Kharif,Jun-Jul,115,Oct-Nov,5.6,7.0,26810,0,3420,3770,4790,0,5205,0.02,3,Kharif,8,18,27,35,6.0,7.0,0,0,0.0437,5000,"MH minor crop, no state series: national values used. All-India yield 2020-21..2024-25 1375-1724 kg/ha (DES, via CACP KMS25-26 Annex Table 1.3) https://cacp.da.gov.in/Document/EnglishReports/KharifReports2025-26_20250825125215821.pdf; hi = max(best year, CACP CoC sample yield 14.62 q/ha, Annex 5.5 https://cacp.da.gov.in/Document/EnglishReports/KharifReports2025-26_20250825125215821.pdf)","MH not in CACP sample: all-India cost used. CACP Price Policy Kharif KMS2025-26, Annex Table 5.2: A2+FL Rs 54,508/ha all-India TE2023-24, /2.471 per acre, x1.05^4 (=1.216) inflation to 2026-27 https://cacp.da.gov.in/Document/EnglishReports/KharifReports2025-26_20250825125215821.pdf","CEDA Ashoka / DMI Agmarknet monthly modal (Maharashtra), 'Ragi (Finger Millet)', harvest months Oct-Dec, seasons 2020-2024; season means 3421/3432/3768/4222/4788 Rs/q, worst/median/best rounded to 10 https://agmarknet.ceda.ashoka.edu.in","MSP KMS2026-27 (PIB 13-May-2026) https://www.pib.gov.in/PressReleasePage.aspx?PRID=2260617; procurement: CACP KMS25-26 Annex 2.3: Karnataka 2.27 lakh t in 2023-24, ~0 in 2024-25; none in MH (https://cacp.da.gov.in/Document/EnglishReports/KharifReports2025-26_20250825125215821.pdf); loss: NABCONS 2022 farm+market proxy=bajra, ragi not in table % https://www.pib.gov.in/PressReleasePage.aspx?PRID=2151371; temp/pH: FAO ECOCROP 'Finger millet' (abs 8-35 C, opt 18-27 C; pH opt 6.0-6.5, abs max 7.5; ph_hi = max(opt max, min(8.0, abs max-0.5)) to allow Indian Vertisol/alkaline soils) https://github.com/cropmodels/Recocrop (FAO ECOCROP table); calendar & irrigation counts: typical SAU/ICAR package-of-practice values (judgement, not verified crop by crop) https://agritech.tnau.ac.in; cluster_absorb: judgement; glut_prone 0 (storable, MSP-backed)",2026-27 MSP; CoC TE2023-24 inflated; prices 2020-2025
tur,*,Tur (pigeon pea),अरहर (तुअर),तूर,pulse,Kharif,Jun-Jul,170,Dec-Jan,3.3,4.4,24140,0,5810,6880,9030,0,8450,0.3,2,Kharif,10,18,38,45,5.0,7.9,0,0,0.0566,40000,"All-India yield 2020-21..2024-25 814-914 kg/ha (DES, via CACP KMS25-26 Annex Table 1.3) https://cacp.da.gov.in/Document/EnglishReports/KharifReports2025-26_20250825125215821.pdf; hi = max(best year, CACP CoC sample yield 10.83 q/ha, Annex 5.5 https://cacp.da.gov.in/Document/EnglishReports/KharifReports2025-26_20250825125215821.pdf)","CACP Price Policy Kharif KMS2025-26, Annex Table 5.2: A2+FL Rs 49,080/ha all-India TE2023-24, /2.471 per acre, x1.05^4 (=1.216) inflation to 2026-27 https://cacp.da.gov.in/Document/EnglishReports/KharifReports2025-26_20250825125215821.pdf","CEDA Ashoka / DMI Agmarknet monthly modal (all-India), 'Arhar (Tur/Red Gram)(Whole)', harvest months Jan-Mar, seasons 2021-2025; season means 5813/5818/6881/9029/6975 Rs/q, worst/median/best rounded to 10 https://agmarknet.ceda.ashoka.edu.in","MSP KMS2026-27 (PIB 13-May-2026) https://www.pib.gov.in/PressReleasePage.aspx?PRID=2260617; procurement: CACP KMS25-26 Annex 2.4: tur PSS procurement ~0.1% of output in 2024-25 (to Feb-25); Union Budget 2025-26 promised 100% procurement of tur/urad/masoor for 4 yrs via NAFED/NCCF; 0.3 is judgement (frozen spec suggested 1.0) (https://cacp.da.gov.in/Document/EnglishReports/KharifReports2025-26_20250825125215821.pdf); loss: NABCONS 2022 farm+market pigeon pea 4.67+0.99 % https://www.pib.gov.in/PressReleasePage.aspx?PRID=2151371; temp/pH: FAO ECOCROP 'Pigeon Pea' (abs 10-45 C, opt 18-38 C; pH opt 5.0-7.0, abs max 8.4; ph_hi = max(opt max, min(8.0, abs max-0.5)) to allow Indian Vertisol/alkaline soils) https://github.com/cropmodels/Recocrop (FAO ECOCROP table); calendar & irrigation counts: typical SAU/ICAR package-of-practice values (judgement, not verified crop by crop) https://agritech.tnau.ac.in; cluster_absorb: judgement; glut_prone 0 (storable, MSP-backed)",2026-27 MSP; CoC TE2023-24 inflated; prices 2020-2025
tur,Maharashtra,Tur (pigeon pea),अरहर (तुअर),तूर,pulse,Kharif,Jun-Jul,170,Dec-Jan,3.6,7.3,24140,1,5890,6930,9090,0,8450,0.3,2,Kharif,10,18,38,45,5.0,7.9,0,0,0.0566,40000,"lo/state best: Economic Survey of Maharashtra 2025-26 Annex 7.3 (MH yield 2020-21/2023-24/2024-25 = 1082/893/1329 kg/ha) https://mls.org.in/PDF2026/budjet/ESM_25_26_Eng%20Book.pdf; hi: CACP CoC sample-farm projected MH yield 18.15 q/ha (Annex 5.5, https://cacp.da.gov.in/Document/EnglishReports/KharifReports2025-26_20250825125215821.pdf)","ESTIMATE: CACP MH sample farms (A2+FL Rs 79,729/ha) report yield 18.15 q/ha, >1.5x the MH state mean, so the all-India A2+FL is used as closer to an average smallholder. CACP Price Policy Kharif KMS2025-26, Annex Table 5.2: A2+FL Rs 49,080/ha MH TE2023-24, /2.471 per acre, x1.05^4 (=1.216) inflation to 2026-27 https://cacp.da.gov.in/Document/EnglishReports/KharifReports2025-26_20250825125215821.pdf","CEDA Ashoka / DMI Agmarknet monthly modal (Maharashtra), 'Arhar (Tur/Red Gram)(Whole)', harvest months Jan-Mar, seasons 2021-2025; season means 6025/5895/7074/9093/6929 Rs/q, worst/median/best rounded to 10 https://agmarknet.ceda.ashoka.edu.in","MSP KMS2026-27 (PIB 13-May-2026) https://www.pib.gov.in/PressReleasePage.aspx?PRID=2260617; procurement: CACP KMS25-26 Annex 2.4: tur PSS procurement ~0.1% of output in 2024-25 (to Feb-25); Union Budget 2025-26 promised 100% procurement of tur/urad/masoor for 4 yrs via NAFED/NCCF; 0.3 is judgement (frozen spec suggested 1.0) (https://cacp.da.gov.in/Document/EnglishReports/KharifReports2025-26_20250825125215821.pdf); loss: NABCONS 2022 farm+market pigeon pea 4.67+0.99 % https://www.pib.gov.in/PressReleasePage.aspx?PRID=2151371; temp/pH: FAO ECOCROP 'Pigeon Pea' (abs 10-45 C, opt 18-38 C; pH opt 5.0-7.0, abs max 8.4; ph_hi = max(opt max, min(8.0, abs max-0.5)) to allow Indian Vertisol/alkaline soils) https://github.com/cropmodels/Recocrop (FAO ECOCROP table); calendar & irrigation counts: typical SAU/ICAR package-of-practice values (judgement, not verified crop by crop) https://agritech.tnau.ac.in; cluster_absorb: judgement; glut_prone 0 (storable, MSP-backed)",2026-27 MSP; CoC TE2023-24 inflated; prices 2020-2025
chana,*,Chana (chickpea),चना,हरभरा,pulse,Rabi,Oct-Nov,110,Feb-Mar,4.7,5.2,19500,0,4930,5050,5930,0,5875,0.15,2,Rabi,7,15,29,35,6.0,8.5,0,0,0.0674,40000,"All-India yield 2020-21..2024-25 1151-1261 kg/ha (DES, via CACP KMS25-26 Annex Table 1.3) https://cacp.da.gov.in/Document/EnglishReports/KharifReports2025-26_20250825125215821.pdf; hi = max(best year, CACP CoC sample yield 12.8 q/ha, Annex 5.5 https://cacp.da.gov.in/Document/EnglishReports/ViewQuestionare%20(2)_20251110111404262.pdf)","CACP Price Policy Rabi RMS2026-27, Annex Table 5.2: A2+FL Rs 39,632/ha all-India TE2023-24, /2.471 per acre, x1.05^4 (=1.216) inflation to 2026-27 https://cacp.da.gov.in/Document/EnglishReports/ViewQuestionare%20(2)_20251110111404262.pdf","CEDA Ashoka / DMI Agmarknet monthly modal (all-India), 'Bengal Gram (Gram)(Whole)', harvest months Mar-Apr, seasons 2021-2025; season means 5017/4929/5048/5928/5780 Rs/q, worst/median/best rounded to 10 https://agmarknet.ceda.ashoka.edu.in","MSP RMS2026-27 (PIB 01-Oct-2025) https://www.pib.gov.in/PressReleasePage.aspx?PRID=2173567; procurement: CACP RMS26-27 para 2.39: gram procurement 19.2% of output in RMS23-24 (MP+MH two-thirds), fell to 1.4% in RMS25-26 (https://cacp.da.gov.in/Document/EnglishReports/ViewQuestionare%20(2)_20251110111404262.pdf); loss: NABCONS 2022 farm+market 5.89+0.85 % https://www.pib.gov.in/PressReleasePage.aspx?PRID=2151371; temp/pH: FAO ECOCROP 'Chick pea' (abs 7-35 C, opt 15-29 C; pH opt 6.0-8.5, abs max 9.5; ph_hi = max(opt max, min(8.0, abs max-0.5)) to allow Indian Vertisol/alkaline soils) https://github.com/cropmodels/Recocrop (FAO ECOCROP table); calendar & irrigation counts: typical SAU/ICAR package-of-practice values (judgement, not verified crop by crop) https://agritech.tnau.ac.in; cluster_absorb: judgement; glut_prone 0 (storable, MSP-backed)",2026-27 MSP; CoC TE2023-24 inflated; prices 2020-2025
chana,Maharashtra,Chana (chickpea),चना,हरभरा,pulse,Rabi,Oct-Nov,110,Feb-Mar,4.2,5.7,23210,0,4530,4730,5750,0,5875,0.2,2,Rabi,7,15,29,35,6.0,8.5,0,0,0.0674,40000,"lo/state best: Economic Survey of Maharashtra 2025-26 Annex 7.3 (MH yield 2020-21/2023-24/2024-25 = 1074/1055/1031 kg/ha) https://mls.org.in/PDF2026/budjet/ESM_25_26_Eng%20Book.pdf; hi: CACP CoC sample-farm projected MH yield 14.2 q/ha (Annex 5.5, https://cacp.da.gov.in/Document/EnglishReports/ViewQuestionare%20(2)_20251110111404262.pdf)","CACP Price Policy Rabi RMS2026-27, Annex Table 5.2: A2+FL Rs 47,188/ha MH TE2023-24, /2.471 per acre, x1.05^4 (=1.216) inflation to 2026-27 https://cacp.da.gov.in/Document/EnglishReports/ViewQuestionare%20(2)_20251110111404262.pdf","CEDA Ashoka / DMI Agmarknet monthly modal (Maharashtra), 'Bengal Gram (Gram)(Whole)', harvest months Feb-Apr, seasons 2021-2025; season means 4657/4531/4727/5750/5582 Rs/q, worst/median/best rounded to 10 https://agmarknet.ceda.ashoka.edu.in","MSP RMS2026-27 (PIB 01-Oct-2025) https://www.pib.gov.in/PressReleasePage.aspx?PRID=2173567; procurement: CACP RMS26-27 para 2.39: gram procurement 19.2% of output in RMS23-24 (MP+MH two-thirds), fell to 1.4% in RMS25-26 (https://cacp.da.gov.in/Document/EnglishReports/ViewQuestionare%20(2)_20251110111404262.pdf); loss: NABCONS 2022 farm+market 5.89+0.85 % https://www.pib.gov.in/PressReleasePage.aspx?PRID=2151371; temp/pH: FAO ECOCROP 'Chick pea' (abs 7-35 C, opt 15-29 C; pH opt 6.0-8.5, abs max 9.5; ph_hi = max(opt max, min(8.0, abs max-0.5)) to allow Indian Vertisol/alkaline soils) https://github.com/cropmodels/Recocrop (FAO ECOCROP table); calendar & irrigation counts: typical SAU/ICAR package-of-practice values (judgement, not verified crop by crop) https://agritech.tnau.ac.in; cluster_absorb: judgement; glut_prone 0 (storable, MSP-backed)",2026-27 MSP; CoC TE2023-24 inflated; prices 2020-2025
moong,*,Moong (green gram),मूँग,मूग,pulse,Kharif|Zaid,Jun-Jul,70,Aug-Sep,1.5,2.1,13870,0,6110,7040,8250,0,8780,0.08,4,Kharif,8,21,36,40,5.5,7.8,0,0,0.0619,15000,"All-India yield 2020-21..2024-25 364-522 kg/ha (kharif moong) (DES, via CACP KMS25-26 Annex Table 1.3) https://cacp.da.gov.in/Document/EnglishReports/KharifReports2025-26_20250825125215821.pdf; hi = max(best year, CACP CoC sample yield 5.24 q/ha, Annex 5.5 https://cacp.da.gov.in/Document/EnglishReports/KharifReports2025-26_20250825125215821.pdf)","CACP Price Policy Kharif KMS2025-26, Annex Table 5.2: A2+FL Rs 28,193/ha all-India TE2023-24, /2.471 per acre, x1.05^4 (=1.216) inflation to 2026-27 https://cacp.da.gov.in/Document/EnglishReports/KharifReports2025-26_20250825125215821.pdf","CEDA Ashoka / DMI Agmarknet monthly modal (all-India), 'Green Gram (Moong)(Whole)', harvest months Aug-Oct, seasons 2021-2025; season means 6111/6534/8254/7398/7040 Rs/q, worst/median/best rounded to 10 https://agmarknet.ceda.ashoka.edu.in","MSP KMS2026-27 (PIB 13-May-2026) https://www.pib.gov.in/PressReleasePage.aspx?PRID=2260617; procurement: CACP KMS25-26 Annex 2.4: moong procurement 7.8% of output 2024-25 (mostly Rajasthan/Karnataka); MH ~0 (https://cacp.da.gov.in/Document/EnglishReports/KharifReports2025-26_20250825125215821.pdf); loss: NABCONS 2022 farm+market 5.30+0.89 % https://www.pib.gov.in/PressReleasePage.aspx?PRID=2151371; temp/pH: FAO ECOCROP 'Mung bean' (abs 8-40 C, opt 21-36 C; pH opt 5.5-6.2, abs max 8.3; ph_hi = max(opt max, min(8.0, abs max-0.5)) to allow Indian Vertisol/alkaline soils) https://github.com/cropmodels/Recocrop (FAO ECOCROP table); calendar & irrigation counts: typical SAU/ICAR package-of-practice values (judgement, not verified crop by crop) https://agritech.tnau.ac.in; cluster_absorb: judgement; glut_prone 0 (storable, MSP-backed)",2026-27 MSP; CoC TE2023-24 inflated; prices 2020-2025
moong,Maharashtra,Moong (green gram),मूँग,मूग,pulse,Kharif|Zaid,Jun-Jul,70,Aug-Sep,1.5,3.2,13870,1,5870,7070,9060,0,8780,0.02,4,Kharif,8,21,36,40,5.5,7.8,0,0,0.0619,15000,"lo/state best: Economic Survey of Maharashtra 2025-26 Annex 7.3 (MH yield 2020-21/2023-24/2024-25 = 517/380/640 kg/ha) https://mls.org.in/PDF2026/budjet/ESM_25_26_Eng%20Book.pdf; hi: CACP CoC sample-farm projected MH yield 7.96 q/ha (Annex 5.5, https://cacp.da.gov.in/Document/EnglishReports/KharifReports2025-26_20250825125215821.pdf)","ESTIMATE: CACP MH sample farms (A2+FL Rs 44,759/ha) report yield 7.96 q/ha, >1.5x the MH state mean, so the all-India A2+FL is used as closer to an average smallholder. CACP Price Policy Kharif KMS2025-26, Annex Table 5.2: A2+FL Rs 28,193/ha MH TE2023-24, /2.471 per acre, x1.05^4 (=1.216) inflation to 2026-27 https://cacp.da.gov.in/Document/EnglishReports/KharifReports2025-26_20250825125215821.pdf","CEDA Ashoka / DMI Agmarknet monthly modal (Maharashtra), 'Green Gram (Moong)(Whole)', harvest months Aug-Oct, seasons 2021-2025; season means 5871/6495/9065/7235/7071 Rs/q, worst/median/best rounded to 10 https://agmarknet.ceda.ashoka.edu.in","MSP KMS2026-27 (PIB 13-May-2026) https://www.pib.gov.in/PressReleasePage.aspx?PRID=2260617; procurement: CACP KMS25-26 Annex 2.4: moong procurement 7.8% of output 2024-25 (mostly Rajasthan/Karnataka); MH ~0 (https://cacp.da.gov.in/Document/EnglishReports/KharifReports2025-26_20250825125215821.pdf); loss: NABCONS 2022 farm+market 5.30+0.89 % https://www.pib.gov.in/PressReleasePage.aspx?PRID=2151371; temp/pH: FAO ECOCROP 'Mung bean' (abs 8-40 C, opt 21-36 C; pH opt 5.5-6.2, abs max 8.3; ph_hi = max(opt max, min(8.0, abs max-0.5)) to allow Indian Vertisol/alkaline soils) https://github.com/cropmodels/Recocrop (FAO ECOCROP table); calendar & irrigation counts: typical SAU/ICAR package-of-practice values (judgement, not verified crop by crop) https://agritech.tnau.ac.in; cluster_absorb: judgement; glut_prone 0 (storable, MSP-backed)",2026-27 MSP; CoC TE2023-24 inflated; prices 2020-2025
urad,*,Urad (black gram),उड़द,उडीद,pulse,Kharif,Jun-Jul,80,Sep-Oct,2.2,2.7,13990,0,6030,6650,8210,0,8200,0.1,2,Kharif,8,22,35,40,5.5,7.0,0,0,0.0583,15000,"All-India yield 2020-21..2024-25 538-663 kg/ha (DES, via CACP KMS25-26 Annex Table 1.3) https://cacp.da.gov.in/Document/EnglishReports/KharifReports2025-26_20250825125215821.pdf; hi = max(best year, CACP CoC sample yield 6.52 q/ha, Annex 5.5 https://cacp.da.gov.in/Document/EnglishReports/KharifReports2025-26_20250825125215821.pdf)","CACP Price Policy Kharif KMS2025-26, Annex Table 5.2: A2+FL Rs 28,444/ha all-India TE2023-24, /2.471 per acre, x1.05^4 (=1.216) inflation to 2026-27 https://cacp.da.gov.in/Document/EnglishReports/KharifReports2025-26_20250825125215821.pdf","CEDA Ashoka / DMI Agmarknet monthly modal (all-India), 'Black Gram (Urad Beans)(Whole)', harvest months Sep-Nov, seasons 2021-2025; season means 6032/6412/8205/7501/6645 Rs/q, worst/median/best rounded to 10 https://agmarknet.ceda.ashoka.edu.in","MSP KMS2026-27 (PIB 13-May-2026) https://www.pib.gov.in/PressReleasePage.aspx?PRID=2260617; procurement: CACP KMS25-26 Annex 2.4: urad procurement ~0%; Budget 2025-26 100% procurement promise; 0.1 is judgement (https://cacp.da.gov.in/Document/EnglishReports/KharifReports2025-26_20250825125215821.pdf); loss: NABCONS 2022 farm+market 4.95+0.88 % https://www.pib.gov.in/PressReleasePage.aspx?PRID=2151371; temp/pH: FAO ECOCROP 'Urd bean' (abs 8-40 C, opt 22-35 C; pH opt 5.5-6.5, abs max 7.5; ph_hi = max(opt max, min(8.0, abs max-0.5)) to allow Indian Vertisol/alkaline soils) https://github.com/cropmodels/Recocrop (FAO ECOCROP table); calendar & irrigation counts: typical SAU/ICAR package-of-practice values (judgement, not verified crop by crop) https://agritech.tnau.ac.in; cluster_absorb: judgement; glut_prone 0 (storable, MSP-backed)",2026-27 MSP; CoC TE2023-24 inflated; prices 2020-2025
urad,Maharashtra,Urad (black gram),उड़द,उडीद,pulse,Kharif,Jun-Jul,80,Sep-Oct,1.6,3.7,19950,0,5570,6270,8420,0,8200,0.1,2,Kharif,8,22,35,40,5.5,7.0,0,0,0.0583,15000,"lo/state best: Economic Survey of Maharashtra 2025-26 Annex 7.3 (MH yield 2020-21/2023-24/2024-25 = 636/396/917 kg/ha) https://mls.org.in/PDF2026/budjet/ESM_25_26_Eng%20Book.pdf; hi: CACP CoC sample-farm projected MH yield 7.06 q/ha (Annex 5.5, https://cacp.da.gov.in/Document/EnglishReports/KharifReports2025-26_20250825125215821.pdf)","CACP Price Policy Kharif KMS2025-26, Annex Table 5.2: A2+FL Rs 40,552/ha MH TE2023-24, /2.471 per acre, x1.05^4 (=1.216) inflation to 2026-27 https://cacp.da.gov.in/Document/EnglishReports/KharifReports2025-26_20250825125215821.pdf","CEDA Ashoka / DMI Agmarknet monthly modal (Maharashtra), 'Black Gram (Urad Beans)(Whole)', harvest months Sep-Nov, seasons 2021-2025; season means 5568/6265/8416/6893/5759 Rs/q, worst/median/best rounded to 10 https://agmarknet.ceda.ashoka.edu.in","MSP KMS2026-27 (PIB 13-May-2026) https://www.pib.gov.in/PressReleasePage.aspx?PRID=2260617; procurement: CACP KMS25-26 Annex 2.4: urad procurement ~0%; Budget 2025-26 100% procurement promise; 0.1 is judgement (https://cacp.da.gov.in/Document/EnglishReports/KharifReports2025-26_20250825125215821.pdf); loss: NABCONS 2022 farm+market 4.95+0.88 % https://www.pib.gov.in/PressReleasePage.aspx?PRID=2151371; temp/pH: FAO ECOCROP 'Urd bean' (abs 8-40 C, opt 22-35 C; pH opt 5.5-6.5, abs max 7.5; ph_hi = max(opt max, min(8.0, abs max-0.5)) to allow Indian Vertisol/alkaline soils) https://github.com/cropmodels/Recocrop (FAO ECOCROP table); calendar & irrigation counts: typical SAU/ICAR package-of-practice values (judgement, not verified crop by crop) https://agritech.tnau.ac.in; cluster_absorb: judgement; glut_prone 0 (storable, MSP-backed)",2026-27 MSP; CoC TE2023-24 inflated; prices 2020-2025
masoor,*,Masoor (lentil),मसूर,मसूर,pulse,Rabi,Oct-Nov,120,Mar-Apr,3.6,4.2,14080,0,5570,6250,6590,0,7000,0.1,2,Rabi,5,15,29,32,5.5,7.7,0,0,0.0674,10000,"All-India yield 2020-21..2024-25 899-1045 kg/ha (DES, via CACP KMS25-26 Annex Table 1.3) https://cacp.da.gov.in/Document/EnglishReports/KharifReports2025-26_20250825125215821.pdf; hi = max(best year, CACP CoC sample yield 10.1 q/ha, Annex 5.5 https://cacp.da.gov.in/Document/EnglishReports/ViewQuestionare%20(2)_20251110111404262.pdf)","CACP Price Policy Rabi RMS2026-27, Annex Table 5.2: A2+FL Rs 28,618/ha all-India TE2023-24, /2.471 per acre, x1.05^4 (=1.216) inflation to 2026-27 https://cacp.da.gov.in/Document/EnglishReports/ViewQuestionare%20(2)_20251110111404262.pdf","CEDA Ashoka / DMI Agmarknet monthly modal (all-India), 'Lentil (Masur)(Whole)', harvest months Mar-Apr, seasons 2021-2025; season means 5566/6589/6147/6253/6269 Rs/q, worst/median/best rounded to 10 https://agmarknet.ceda.ashoka.edu.in","MSP RMS2026-27 (PIB 01-Oct-2025) https://www.pib.gov.in/PressReleasePage.aspx?PRID=2173567; procurement: CACP RMS26-27 para 2.39: lentil procurement 13.9% (RMS24-25), 9% (RMS25-26) of output (https://cacp.da.gov.in/Document/EnglishReports/ViewQuestionare%20(2)_20251110111404262.pdf); loss: NABCONS 2022 farm+market proxy=chickpea, lentil not in table % https://www.pib.gov.in/PressReleasePage.aspx?PRID=2151371; temp/pH: FAO ECOCROP 'Lentil' (abs 5-32 C, opt 15-29 C; pH opt 5.5-7.5, abs max 8.2; ph_hi = max(opt max, min(8.0, abs max-0.5)) to allow Indian Vertisol/alkaline soils) https://github.com/cropmodels/Recocrop (FAO ECOCROP table); calendar & irrigation counts: typical SAU/ICAR package-of-practice values (judgement, not verified crop by crop) https://agritech.tnau.ac.in; cluster_absorb: judgement; glut_prone 0 (storable, MSP-backed)",2026-27 MSP; CoC TE2023-24 inflated; prices 2020-2025
masoor,Maharashtra,Masoor (lentil),मसूर,मसूर,pulse,Rabi,Oct-Nov,120,Mar-Apr,3.6,4.2,14080,0,6050,6810,7490,0,7000,0.1,2,Rabi,5,15,29,32,5.5,7.7,0,0,0.0674,10000,"MH minor crop, no state series: national values used. All-India yield 2020-21..2024-25 899-1045 kg/ha (DES, via CACP KMS25-26 Annex Table 1.3) https://cacp.da.gov.in/Document/EnglishReports/KharifReports2025-26_20250825125215821.pdf; hi = max(best year, CACP CoC sample yield 10.1 q/ha, Annex 5.5 https://cacp.da.gov.in/Document/EnglishReports/ViewQuestionare%20(2)_20251110111404262.pdf)","MH not in CACP sample: all-India cost used. CACP Price Policy Rabi RMS2026-27, Annex Table 5.2: A2+FL Rs 28,618/ha all-India TE2023-24, /2.471 per acre, x1.05^4 (=1.216) inflation to 2026-27 https://cacp.da.gov.in/Document/EnglishReports/ViewQuestionare%20(2)_20251110111404262.pdf","CEDA Ashoka / DMI Agmarknet monthly modal (Maharashtra), 'Lentil (Masur)(Whole)', harvest months Mar-Apr, seasons 2021-2025; season means 6050/7037/6674/6815/7486 Rs/q, worst/median/best rounded to 10 https://agmarknet.ceda.ashoka.edu.in","MSP RMS2026-27 (PIB 01-Oct-2025) https://www.pib.gov.in/PressReleasePage.aspx?PRID=2173567; procurement: CACP RMS26-27 para 2.39: lentil procurement 13.9% (RMS24-25), 9% (RMS25-26) of output (https://cacp.da.gov.in/Document/EnglishReports/ViewQuestionare%20(2)_20251110111404262.pdf); loss: NABCONS 2022 farm+market proxy=chickpea, lentil not in table % https://www.pib.gov.in/PressReleasePage.aspx?PRID=2151371; temp/pH: FAO ECOCROP 'Lentil' (abs 5-32 C, opt 15-29 C; pH opt 5.5-7.5, abs max 8.2; ph_hi = max(opt max, min(8.0, abs max-0.5)) to allow Indian Vertisol/alkaline soils) https://github.com/cropmodels/Recocrop (FAO ECOCROP table); calendar & irrigation counts: typical SAU/ICAR package-of-practice values (judgement, not verified crop by crop) https://agritech.tnau.ac.in; cluster_absorb: judgement; glut_prone 0 (storable, MSP-backed)",2026-27 MSP; CoC TE2023-24 inflated; prices 2020-2025
soybean,*,Soybean,सोयाबीन,सोयाबीन,oilseed,Kharif,Jun-Jul,100,Sep-Oct,3.9,5.4,21400,0,4000,4620,5130,0,5708,0.1,1,Kharif,10,20,33,38,5.5,7.9,0,0,0.0751,50000,"All-India yield 2020-21..2024-25 976-1169 kg/ha (DES, via CACP KMS25-26 Annex Table 1.3) https://cacp.da.gov.in/Document/EnglishReports/KharifReports2025-26_20250825125215821.pdf; hi = max(best year, CACP CoC sample yield 13.24 q/ha, Annex 5.5 https://cacp.da.gov.in/Document/EnglishReports/KharifReports2025-26_20250825125215821.pdf)","CACP Price Policy Kharif KMS2025-26, Annex Table 5.2: A2+FL Rs 43,498/ha all-India TE2023-24, /2.471 per acre, x1.05^4 (=1.216) inflation to 2026-27 https://cacp.da.gov.in/Document/EnglishReports/KharifReports2025-26_20250825125215821.pdf","CEDA Ashoka / DMI Agmarknet monthly modal (all-India), 'Soyabean', harvest months Oct-Nov, seasons 2021-2025; season means 5132/4955/4623/4165/4001 Rs/q, worst/median/best rounded to 10 https://agmarknet.ceda.ashoka.edu.in","MSP KMS2026-27 (PIB 13-May-2026) https://www.pib.gov.in/PressReleasePage.aspx?PRID=2260617; procurement: CACP KMS25-26 Annex 2.5: soybean PSS procurement 9.2% of output 2024-25 (MH 10.3%) (https://cacp.da.gov.in/Document/EnglishReports/KharifReports2025-26_20250825125215821.pdf); loss: NABCONS 2022 farm+market 6.58+0.93 % https://www.pib.gov.in/PressReleasePage.aspx?PRID=2151371; temp/pH: FAO ECOCROP 'Soyabean' (abs 10-38 C, opt 20-33 C; pH opt 5.5-6.5, abs max 8.4; ph_hi = max(opt max, min(8.0, abs max-0.5)) to allow Indian Vertisol/alkaline soils) https://github.com/cropmodels/Recocrop (FAO ECOCROP table); calendar & irrigation counts: typical SAU/ICAR package-of-practice values (judgement, not verified crop by crop) https://agritech.tnau.ac.in; cluster_absorb: judgement; glut_prone 0 (storable, MSP-backed); NB soybean mandi prices stayed below MSP in the 2024 and 2025 seasons",2026-27 MSP; CoC TE2023-24 inflated; prices 2020-2025
soybean,Maharashtra,Soybean,सोयाबीन,सोयाबीन,oilseed,Kharif,Jun-Jul,100,Sep-Oct,5.3,7.4,28210,0,3930,4590,5130,0,5708,0.1,1,Kharif,10,20,33,38,5.5,7.9,0,0,0.0751,50000,"lo/state best: Economic Survey of Maharashtra 2025-26 Annex 7.3 (MH yield 2020-21/2023-24/2024-25 = 1460/1304/1824 kg/ha) https://mls.org.in/PDF2026/budjet/ESM_25_26_Eng%20Book.pdf; hi: CACP CoC sample-farm projected MH yield 15.86 q/ha (Annex 5.5, https://cacp.da.gov.in/Document/EnglishReports/KharifReports2025-26_20250825125215821.pdf)","CACP Price Policy Kharif KMS2025-26, Annex Table 5.2: A2+FL Rs 57,342/ha MH TE2023-24, /2.471 per acre, x1.05^4 (=1.216) inflation to 2026-27 https://cacp.da.gov.in/Document/EnglishReports/KharifReports2025-26_20250825125215821.pdf","CEDA Ashoka / DMI Agmarknet monthly modal (Maharashtra), 'Soyabean', harvest months Oct-Nov, seasons 2021-2025; season means 5127/4972/4588/4105/3928 Rs/q, worst/median/best rounded to 10 https://agmarknet.ceda.ashoka.edu.in","MSP KMS2026-27 (PIB 13-May-2026) https://www.pib.gov.in/PressReleasePage.aspx?PRID=2260617; procurement: CACP KMS25-26 Annex 2.5: soybean PSS procurement 9.2% of output 2024-25 (MH 10.3%) (https://cacp.da.gov.in/Document/EnglishReports/KharifReports2025-26_20250825125215821.pdf); loss: NABCONS 2022 farm+market 6.58+0.93 % https://www.pib.gov.in/PressReleasePage.aspx?PRID=2151371; temp/pH: FAO ECOCROP 'Soyabean' (abs 10-38 C, opt 20-33 C; pH opt 5.5-6.5, abs max 8.4; ph_hi = max(opt max, min(8.0, abs max-0.5)) to allow Indian Vertisol/alkaline soils) https://github.com/cropmodels/Recocrop (FAO ECOCROP table); calendar & irrigation counts: typical SAU/ICAR package-of-practice values (judgement, not verified crop by crop) https://agritech.tnau.ac.in; cluster_absorb: judgement; glut_prone 0 (storable, MSP-backed); NB soybean mandi prices stayed below MSP in the 2024 and 2025 seasons",2026-27 MSP; CoC TE2023-24 inflated; prices 2020-2025
groundnut,*,Groundnut,मूंगफली,भुईमूग,oilseed,Kharif|Zaid,Jun-Jul,115,Oct-Nov,6.7,8.7,37760,0,5300,5500,6320,0,7517,0.03,8,Kharif,10,22,32,45,5.5,8.0,0,0,0.0573,15000,"All-India yield 2020-21..2024-25 1649-2142 kg/ha (kharif groundnut) (DES, via CACP KMS25-26 Annex Table 1.3) https://cacp.da.gov.in/Document/EnglishReports/KharifReports2025-26_20250825125215821.pdf; hi = max(best year, CACP CoC sample yield 17.33 q/ha, Annex 5.5 https://cacp.da.gov.in/Document/EnglishReports/KharifReports2025-26_20250825125215821.pdf)","CACP Price Policy Kharif KMS2025-26, Annex Table 5.2: A2+FL Rs 76,772/ha all-India TE2023-24, /2.471 per acre, x1.05^4 (=1.216) inflation to 2026-27 https://cacp.da.gov.in/Document/EnglishReports/KharifReports2025-26_20250825125215821.pdf","CEDA Ashoka / DMI Agmarknet monthly modal (all-India), 'Groundnut', harvest months Oct-Nov, seasons 2021-2025; season means 5302/5814/6319/5501/5469 Rs/q, worst/median/best rounded to 10 https://agmarknet.ceda.ashoka.edu.in","MSP KMS2026-27 (PIB 13-May-2026) https://www.pib.gov.in/PressReleasePage.aspx?PRID=2260617; procurement: CACP KMS25-26 Annex 2.5: groundnut procurement 3% of output 2024-25; none in MH (https://cacp.da.gov.in/Document/EnglishReports/KharifReports2025-26_20250825125215821.pdf); loss: NABCONS 2022 farm+market 4.70+1.03 % https://www.pib.gov.in/PressReleasePage.aspx?PRID=2151371; temp/pH: FAO ECOCROP 'Groundnut' (abs 10-45 C, opt 22-32 C; pH opt 5.5-6.5, abs max 8.5; ph_hi = max(opt max, min(8.0, abs max-0.5)) to allow Indian Vertisol/alkaline soils) https://github.com/cropmodels/Recocrop (FAO ECOCROP table); calendar & irrigation counts: typical SAU/ICAR package-of-practice values (judgement, not verified crop by crop) https://agritech.tnau.ac.in; cluster_absorb: judgement; glut_prone 0 (storable, MSP-backed)",2026-27 MSP; CoC TE2023-24 inflated; prices 2020-2025
groundnut,Maharashtra,Groundnut,मूंगफली,भुईमूग,oilseed,Kharif|Zaid,Jun-Jul,115,Oct-Nov,5.1,5.8,48890,0,4850,5490,6250,0,7517,0.02,8,Kharif,10,22,32,45,5.5,8.0,0,0,0.0573,15000,"lo/state best: Economic Survey of Maharashtra 2025-26 Annex 7.3 (MH yield 2020-21/2023-24/2024-25 = 1318/1257/1441 kg/ha) https://mls.org.in/PDF2026/budjet/ESM_25_26_Eng%20Book.pdf; hi: CACP CoC sample-farm projected MH yield 11.9 q/ha (Annex 5.5, https://cacp.da.gov.in/Document/EnglishReports/KharifReports2025-26_20250825125215821.pdf)","CACP Price Policy Kharif KMS2025-26, Annex Table 5.2: A2+FL Rs 99,385/ha MH TE2023-24, /2.471 per acre, x1.05^4 (=1.216) inflation to 2026-27 https://cacp.da.gov.in/Document/EnglishReports/KharifReports2025-26_20250825125215821.pdf | NOTE: MH CoC sample cost is high (likely includes irrigated summer groundnut)","CEDA Ashoka / DMI Agmarknet monthly modal (Maharashtra), 'Groundnut', harvest months Oct-Nov, seasons 2021-2025; season means 4846/5536/6255/5463/5488 Rs/q, worst/median/best rounded to 10 https://agmarknet.ceda.ashoka.edu.in","MSP KMS2026-27 (PIB 13-May-2026) https://www.pib.gov.in/PressReleasePage.aspx?PRID=2260617; procurement: CACP KMS25-26 Annex 2.5: groundnut procurement 3% of output 2024-25; none in MH (https://cacp.da.gov.in/Document/EnglishReports/KharifReports2025-26_20250825125215821.pdf); loss: NABCONS 2022 farm+market 4.70+1.03 % https://www.pib.gov.in/PressReleasePage.aspx?PRID=2151371; temp/pH: FAO ECOCROP 'Groundnut' (abs 10-45 C, opt 22-32 C; pH opt 5.5-6.5, abs max 8.5; ph_hi = max(opt max, min(8.0, abs max-0.5)) to allow Indian Vertisol/alkaline soils) https://github.com/cropmodels/Recocrop (FAO ECOCROP table); calendar & irrigation counts: typical SAU/ICAR package-of-practice values (judgement, not verified crop by crop) https://agritech.tnau.ac.in; cluster_absorb: judgement; glut_prone 0 (storable, MSP-backed)",2026-27 MSP; CoC TE2023-24 inflated; prices 2020-2025
mustard,*,Mustard (rapeseed-mustard),सरसों,मोहरी,oilseed,Rabi,Oct-Nov,130,Feb-Mar,5.8,6.2,20180,0,5040,5310,6390,0,6200,0.1,2,,7,15,28,40,5.5,7.5,0,0,0.0446,20000,"All-India yield 2020-21..2024-25 1428-1524 kg/ha (DES, via CACP KMS25-26 Annex Table 1.3) https://cacp.da.gov.in/Document/EnglishReports/KharifReports2025-26_20250825125215821.pdf; hi = max(best year, CACP CoC sample yield 14.8 q/ha, Annex 5.5 https://cacp.da.gov.in/Document/EnglishReports/ViewQuestionare%20(2)_20251110111404262.pdf)","CACP Price Policy Rabi RMS2026-27, Annex Table 5.2: A2+FL Rs 41,025/ha all-India TE2023-24, /2.471 per acre, x1.05^4 (=1.216) inflation to 2026-27 https://cacp.da.gov.in/Document/EnglishReports/ViewQuestionare%20(2)_20251110111404262.pdf","CEDA Ashoka / DMI Agmarknet monthly modal (all-India), 'Mustard', harvest months Mar-Apr, seasons 2021-2025; season means 5307/6391/5144/5037/5670 Rs/q, worst/median/best rounded to 10 https://agmarknet.ceda.ashoka.edu.in","MSP RMS2026-27 (PIB 01-Oct-2025) https://www.pib.gov.in/PressReleasePage.aspx?PRID=2173567; procurement: judgement: PSS procurement of mustard is capped at 25% of output and sporadic; no state figure retrieved (https://cacp.da.gov.in/Document/EnglishReports/ViewQuestionare%20(2)_20251110111404262.pdf); loss: NABCONS 2022 farm+market 4.08+0.38 % https://www.pib.gov.in/PressReleasePage.aspx?PRID=2151371; temp/pH: FAO ECOCROP 'Leaf mustard B. juncea' (abs 7-40 C, opt 15-28 C; pH opt 5.5-6.5, abs max 8.0; ph_hi = max(opt max, min(8.0, abs max-0.5)) to allow Indian Vertisol/alkaline soils) https://github.com/cropmodels/Recocrop (FAO ECOCROP table); calendar & irrigation counts: typical SAU/ICAR package-of-practice values (judgement, not verified crop by crop) https://agritech.tnau.ac.in; cluster_absorb: judgement; glut_prone 0 (storable, MSP-backed)",2026-27 MSP; CoC TE2023-24 inflated; prices 2020-2025
mustard,Maharashtra,Mustard (rapeseed-mustard),सरसों,मोहरी,oilseed,Rabi,Oct-Nov,130,Feb-Mar,5.8,6.2,20180,0,5140,5670,6170,0,6200,0.1,2,,7,15,28,40,5.5,7.5,0,0,0.0446,20000,"MH minor crop, no state series: national values used. All-India yield 2020-21..2024-25 1428-1524 kg/ha (DES, via CACP KMS25-26 Annex Table 1.3) https://cacp.da.gov.in/Document/EnglishReports/KharifReports2025-26_20250825125215821.pdf; hi = max(best year, CACP CoC sample yield 14.8 q/ha, Annex 5.5 https://cacp.da.gov.in/Document/EnglishReports/ViewQuestionare%20(2)_20251110111404262.pdf)","MH not in CACP sample: all-India cost used. CACP Price Policy Rabi RMS2026-27, Annex Table 5.2: A2+FL Rs 41,025/ha all-India TE2023-24, /2.471 per acre, x1.05^4 (=1.216) inflation to 2026-27 https://cacp.da.gov.in/Document/EnglishReports/ViewQuestionare%20(2)_20251110111404262.pdf","CEDA Ashoka / DMI Agmarknet monthly modal (Maharashtra), 'Mustard', harvest months Mar-Apr, seasons 2021-2025; season means 5306/6169/5745/5141/5673 Rs/q, worst/median/best rounded to 10 https://agmarknet.ceda.ashoka.edu.in","MSP RMS2026-27 (PIB 01-Oct-2025) https://www.pib.gov.in/PressReleasePage.aspx?PRID=2173567; procurement: judgement: PSS procurement of mustard is capped at 25% of output and sporadic; no state figure retrieved (https://cacp.da.gov.in/Document/EnglishReports/ViewQuestionare%20(2)_20251110111404262.pdf); loss: NABCONS 2022 farm+market 4.08+0.38 % https://www.pib.gov.in/PressReleasePage.aspx?PRID=2151371; temp/pH: FAO ECOCROP 'Leaf mustard B. juncea' (abs 7-40 C, opt 15-28 C; pH opt 5.5-6.5, abs max 8.0; ph_hi = max(opt max, min(8.0, abs max-0.5)) to allow Indian Vertisol/alkaline soils) https://github.com/cropmodels/Recocrop (FAO ECOCROP table); calendar & irrigation counts: typical SAU/ICAR package-of-practice values (judgement, not verified crop by crop) https://agritech.tnau.ac.in; cluster_absorb: judgement; glut_prone 0 (storable, MSP-backed)",2026-27 MSP; CoC TE2023-24 inflated; prices 2020-2025
sesame,*,Sesame (til),तिल,तीळ,oilseed,Kharif,Jun-Jul,90,Sep-Oct,1.5,2.2,15600,0,9010,11260,14320,0,10346,0.02,2,Kharif,10,20,30,40,5.5,7.5,0,0,0.0446,5000,"All-India yield 2020-21..2024-25 375-485 kg/ha (DES, via CACP KMS25-26 Annex Table 1.3) https://cacp.da.gov.in/Document/EnglishReports/KharifReports2025-26_20250825125215821.pdf; hi = max(best year, CACP CoC sample yield 5.4 q/ha, Annex 5.5 https://cacp.da.gov.in/Document/EnglishReports/KharifReports2025-26_20250825125215821.pdf)","CACP Price Policy Kharif KMS2025-26, Annex Table 5.2: A2+FL Rs 31,710/ha all-India TE2023-24, /2.471 per acre, x1.05^4 (=1.216) inflation to 2026-27 https://cacp.da.gov.in/Document/EnglishReports/KharifReports2025-26_20250825125215821.pdf","CEDA Ashoka / DMI Agmarknet monthly modal (all-India), 'Sesamum (Sesame, Gingelly, Til)', harvest months Sep-Nov, seasons 2021-2025; season means 9440/11260/14324/11522/9014 Rs/q, worst/median/best rounded to 10 https://agmarknet.ceda.ashoka.edu.in","MSP KMS2026-27 (PIB 13-May-2026) https://www.pib.gov.in/PressReleasePage.aspx?PRID=2260617; procurement: judgement: no meaningful MSP procurement of sesamum (https://cacp.da.gov.in/Document/EnglishReports/KharifReports2025-26_20250825125215821.pdf); loss: NABCONS 2022 farm+market proxy=mustard, sesame not in table % https://www.pib.gov.in/PressReleasePage.aspx?PRID=2151371; temp/pH: FAO ECOCROP 'Sesame seed' (abs 10-40 C, opt 20-30 C; pH opt 5.5-7.5, abs max 8.0; ph_hi = max(opt max, min(8.0, abs max-0.5)) to allow Indian Vertisol/alkaline soils) https://github.com/cropmodels/Recocrop (FAO ECOCROP table); calendar & irrigation counts: typical SAU/ICAR package-of-practice values (judgement, not verified crop by crop) https://agritech.tnau.ac.in; cluster_absorb: judgement; glut_prone 0 (storable, MSP-backed)",2026-27 MSP; CoC TE2023-24 inflated; prices 2020-2025
sesame,Maharashtra,Sesame (til),तिल,तीळ,oilseed,Kharif,Jun-Jul,90,Sep-Oct,1.5,2.2,15600,0,9650,11710,15470,0,10346,0.02,2,Kharif,10,20,30,40,5.5,7.5,0,0,0.0446,5000,"MH minor crop, no state series: national values used. All-India yield 2020-21..2024-25 375-485 kg/ha (DES, via CACP KMS25-26 Annex Table 1.3) https://cacp.da.gov.in/Document/EnglishReports/KharifReports2025-26_20250825125215821.pdf; hi = max(best year, CACP CoC sample yield 5.4 q/ha, Annex 5.5 https://cacp.da.gov.in/Document/EnglishReports/KharifReports2025-26_20250825125215821.pdf)","MH not in CACP sample: all-India cost used. CACP Price Policy Kharif KMS2025-26, Annex Table 5.2: A2+FL Rs 31,710/ha all-India TE2023-24, /2.471 per acre, x1.05^4 (=1.216) inflation to 2026-27 https://cacp.da.gov.in/Document/EnglishReports/KharifReports2025-26_20250825125215821.pdf","CEDA Ashoka / DMI Agmarknet monthly modal (Maharashtra), 'Sesamum (Sesame, Gingelly, Til)', harvest months Sep-Nov, seasons 2021-2025; season means 9693/11705/15473/11980/9652 Rs/q, worst/median/best rounded to 10 https://agmarknet.ceda.ashoka.edu.in","MSP KMS2026-27 (PIB 13-May-2026) https://www.pib.gov.in/PressReleasePage.aspx?PRID=2260617; procurement: judgement: no meaningful MSP procurement of sesamum (https://cacp.da.gov.in/Document/EnglishReports/KharifReports2025-26_20250825125215821.pdf); loss: NABCONS 2022 farm+market proxy=mustard, sesame not in table % https://www.pib.gov.in/PressReleasePage.aspx?PRID=2151371; temp/pH: FAO ECOCROP 'Sesame seed' (abs 10-40 C, opt 20-30 C; pH opt 5.5-7.5, abs max 8.0; ph_hi = max(opt max, min(8.0, abs max-0.5)) to allow Indian Vertisol/alkaline soils) https://github.com/cropmodels/Recocrop (FAO ECOCROP table); calendar & irrigation counts: typical SAU/ICAR package-of-practice values (judgement, not verified crop by crop) https://agritech.tnau.ac.in; cluster_absorb: judgement; glut_prone 0 (storable, MSP-backed)",2026-27 MSP; CoC TE2023-24 inflated; prices 2020-2025
cotton,*,Cotton (kapas),कपास,कापूस,cash,Kharif,Jun-Jul,150,Oct-Jan,5.1,6.3,37650,0,5230,7180,8100,0,8267,0.34,6,Kharif,15,22,36,42,6.0,8.0,0,0,0.0287,50000,"All-India yield 2020-21..2024-25 428-451 kg/ha (lint kg/ha; kapas = lint/0.34 ginning out-turn) (DES, via CACP KMS25-26 Annex Table 1.3) https://cacp.da.gov.in/Document/EnglishReports/KharifReports2025-26_20250825125215821.pdf; hi = max(best year, CACP CoC sample yield 15.51 q/ha, Annex 5.5 https://cacp.da.gov.in/Document/EnglishReports/KharifReports2025-26_20250825125215821.pdf)","CACP Price Policy Kharif KMS2025-26, Annex Table 5.2: A2+FL Rs 76,543/ha all-India TE2023-24, /2.471 per acre, x1.05^4 (=1.216) inflation to 2026-27 https://cacp.da.gov.in/Document/EnglishReports/KharifReports2025-26_20250825125215821.pdf","CEDA Ashoka / DMI Agmarknet monthly modal (all-India), 'Cotton (kapas)', harvest months Nov-Jan, seasons 2020-2024; season means 5235/8104/8064/6671/7181 Rs/q, worst/median/best rounded to 10 https://agmarknet.ceda.ashoka.edu.in","MSP KMS2026-27 (PIB 13-May-2026) https://www.pib.gov.in/PressReleasePage.aspx?PRID=2260617; procurement: CCI MSP ops 2024-25: 100 lakh bales = 34% of 294 lakh bales output; MH 30 lakh bales vs ~74 lakh bales MH output (ESM 2025-26), ~40% (https://agrospectrumindia.com/news/8/31608/govt-procures-100-lakh-bales-of-cotton-under-msp-operations-through-its-nodal-agency.html); loss: NABCONS 2022 farm+market cottonseed 2.47+0.40 used as proxy % https://www.pib.gov.in/PressReleasePage.aspx?PRID=2151371; temp/pH: FAO ECOCROP 'Cotton, American upland' (abs 15-42 C, opt 22-36 C; pH opt 6.0-7.5, abs max 9.5; ph_hi = max(opt max, min(8.0, abs max-0.5)) to allow Indian Vertisol/alkaline soils) https://github.com/cropmodels/Recocrop (FAO ECOCROP table); calendar & irrigation counts: typical SAU/ICAR package-of-practice values (judgement, not verified crop by crop) https://agritech.tnau.ac.in; cluster_absorb: judgement; glut_prone 0 (storable, MSP-backed)",2026-27 MSP; CoC TE2023-24 inflated; prices 2020-2025
cotton,Maharashtra,Cotton (kapas),कपास,कापूस,cash,Kharif,Jun-Jul,150,Oct-Jan,3.6,5.7,40360,0,5390,7040,8520,0,8267,0.4,6,Kharif,15,22,36,42,6.0,8.0,0,0,0.0287,50000,"lo/state best: Economic Survey of Maharashtra 2025-26 Annex 7.3 (MH yield 2020-21/2023-24/2024-25 = 378/354/304 kg/ha; lint kg/ha; kapas = lint/0.34 ginning out-turn) https://mls.org.in/PDF2026/budjet/ESM_25_26_Eng%20Book.pdf; hi: CACP CoC sample-farm projected MH yield 14.2 q/ha (Annex 5.5, https://cacp.da.gov.in/Document/EnglishReports/KharifReports2025-26_20250825125215821.pdf)","CACP Price Policy Kharif KMS2025-26, Annex Table 5.2: A2+FL Rs 82,047/ha MH TE2023-24, /2.471 per acre, x1.05^4 (=1.216) inflation to 2026-27 https://cacp.da.gov.in/Document/EnglishReports/KharifReports2025-26_20250825125215821.pdf","CEDA Ashoka / DMI Agmarknet monthly modal (Maharashtra), 'Cotton (kapas)', harvest months Nov-Jan, seasons 2020-2024; season means 5393/8518/8335/6850/7043 Rs/q, worst/median/best rounded to 10 https://agmarknet.ceda.ashoka.edu.in","MSP KMS2026-27 (PIB 13-May-2026) https://www.pib.gov.in/PressReleasePage.aspx?PRID=2260617; procurement: CCI MSP ops 2024-25: 100 lakh bales = 34% of 294 lakh bales output; MH 30 lakh bales vs ~74 lakh bales MH output (ESM 2025-26), ~40% (https://agrospectrumindia.com/news/8/31608/govt-procures-100-lakh-bales-of-cotton-under-msp-operations-through-its-nodal-agency.html); loss: NABCONS 2022 farm+market cottonseed 2.47+0.40 used as proxy % https://www.pib.gov.in/PressReleasePage.aspx?PRID=2151371; temp/pH: FAO ECOCROP 'Cotton, American upland' (abs 15-42 C, opt 22-36 C; pH opt 6.0-7.5, abs max 9.5; ph_hi = max(opt max, min(8.0, abs max-0.5)) to allow Indian Vertisol/alkaline soils) https://github.com/cropmodels/Recocrop (FAO ECOCROP table); calendar & irrigation counts: typical SAU/ICAR package-of-practice values (judgement, not verified crop by crop) https://agritech.tnau.ac.in; cluster_absorb: judgement; glut_prone 0 (storable, MSP-backed)",2026-27 MSP; CoC TE2023-24 inflated; prices 2020-2025
sugarcane,*,Sugarcane,गन्ना,ऊस,cash,Kharif|Rabi|Zaid,Oct-Feb,365,Nov-Apr,319.7,343.6,59310,0,305,340,365,0,365,0.8,99,,15,24,37,41,5.0,8.0,0,0,0.0734,20000,CACP Sugarcane 2026-27 Annex Table 1.3 (DES; all-India cane yield 2020-21..2024-25 83.6/84.9/83.3/79.0/83.4 t/ha; q/acre = t/ha x10/2.471) https://cacp.da.gov.in/Document/EnglishReports/Sugarcane%20report%20final_Dec25_20260506100048275.pdf,"CACP Price Policy Sugarcane 2026-27, Table 5.1: A2+FL Rs 120,572/ha all-India TE2023-24, /2.471 per acre, x1.05^4 (=1.216) inflation to 2026-27 https://cacp.da.gov.in/Document/EnglishReports/Sugarcane%20report%20final_Dec25_20260506100048275.pdf","No mandi market for cane: FRP of last 5 seasons 2022-23..2026-27 = 305/315/340/355/365 Rs/q (lo/median/hi). FRP 2026-27 Rs 365/q at 10.25% recovery (PIB) https://www.pib.gov.in/PressReleasePage.aspx?PRID=2258113; MH mills pay FRP net of harvest & transport charges, so farm-gate can be below lo","FRP 2026-27 Rs 365/q (PIB) https://www.pib.gov.in/PressReleasePage.aspx?PRID=2258113; procurement: FRP legally payable by mills (Sugarcane Control Order); 0.8 allows for delayed payment/arrears (https://cacp.da.gov.in/Document/EnglishReports/Sugarcane%20report%20final_Dec25_20260506100048275.pdf); loss: NABCONS 2022 farm+market 5.63+1.71 % https://www.pib.gov.in/PressReleasePage.aspx?PRID=2151371; temp/pH: FAO ECOCROP 'Sugarcane' (abs 15-41 C, opt 24-37 C; pH opt 5.0-8.0, abs max 9.0; ph_hi = max(opt max, min(8.0, abs max-0.5)) to allow Indian Vertisol/alkaline soils) https://github.com/cropmodels/Recocrop (FAO ECOCROP table); calendar & irrigation counts: typical SAU/ICAR package-of-practice values (judgement, not verified crop by crop) https://agritech.tnau.ac.in; cluster_absorb: judgement; glut_prone 0 (storable, MSP-backed)",2026-27 MSP; CoC TE2023-24 inflated; prices 2020-2025
sugarcane,Maharashtra,Sugarcane,गन्ना,ऊस,cash,Kharif|Rabi|Zaid,Oct-Nov,365,Nov-Apr,315.7,381.2,88970,0,305,340,365,0,365,0.8,99,,15,24,37,41,5.0,8.0,0,0,0.0734,20000,CACP Sugarcane 2026-27 Annex Table 1.3 (DES; MH cane yield 2020-21..2024-25 92.0/92.0/91.2/78.0/94.2 t/ha; q/acre = t/ha x10/2.471) https://cacp.da.gov.in/Document/EnglishReports/Sugarcane%20report%20final_Dec25_20260506100048275.pdf,"CACP Price Policy Sugarcane 2026-27, Table 5.1: A2+FL Rs 180,864/ha MH TE2023-24, /2.471 per acre, x1.05^4 (=1.216) inflation to 2026-27 https://cacp.da.gov.in/Document/EnglishReports/Sugarcane%20report%20final_Dec25_20260506100048275.pdf","No mandi market for cane: FRP of last 5 seasons 2022-23..2026-27 = 305/315/340/355/365 Rs/q (lo/median/hi). FRP 2026-27 Rs 365/q at 10.25% recovery (PIB) https://www.pib.gov.in/PressReleasePage.aspx?PRID=2258113; MH mills pay FRP net of harvest & transport charges, so farm-gate can be below lo","FRP 2026-27 Rs 365/q (PIB) https://www.pib.gov.in/PressReleasePage.aspx?PRID=2258113; procurement: FRP legally payable by mills (Sugarcane Control Order); 0.8 allows for delayed payment/arrears (https://cacp.da.gov.in/Document/EnglishReports/Sugarcane%20report%20final_Dec25_20260506100048275.pdf); loss: NABCONS 2022 farm+market 5.63+1.71 % https://www.pib.gov.in/PressReleasePage.aspx?PRID=2151371; temp/pH: FAO ECOCROP 'Sugarcane' (abs 15-41 C, opt 24-37 C; pH opt 5.0-8.0, abs max 9.0; ph_hi = max(opt max, min(8.0, abs max-0.5)) to allow Indian Vertisol/alkaline soils) https://github.com/cropmodels/Recocrop (FAO ECOCROP table); calendar & irrigation counts: typical SAU/ICAR package-of-practice values (judgement, not verified crop by crop) https://agritech.tnau.ac.in; cluster_absorb: judgement; glut_prone 0 (storable, MSP-backed)",2026-27 MSP; CoC TE2023-24 inflated; prices 2020-2025
