crop_id,kc_ini,kc_mid,kc_end,zr_m,p,ky,ky_verified,kc_estimated,src
rice,1.05,1.20,0.75,0.75,0.20,1.00,0,0,"Kc/Zr/p: FAO-56 Table 12 (end 0.90-0.60 -> 0.75), Table 22 (Zr 0.5-1.0 -> 0.75). Ky default 1.0 (FAO-33 value not verified)"
wheat,0.40,1.15,0.33,1.25,0.55,1.00,1,0,"FAO-56 T12 winter wheat (end 0.25-0.41 -> 0.33); T22 spring wheat Zr 1.0-1.5 -> 1.25, p 0.55; Ky 1.00 winter wheat, FAO-33 as listed in FAO paper Y3655E table 1"
maize,0.30,1.20,0.45,1.30,0.55,1.25,1,0,"FAO-56 T12 (end 0.60-0.35 -> 0.45), T22 Zr 1.0-1.7 -> 1.3; Ky 1.25 FAO-33 (FAO Y3655E)"
jowar,0.30,1.05,0.55,1.50,0.55,1.00,0,0,"FAO-56 T12 sorghum (mid 1.0-1.1 -> 1.05), T22 Zr 1.0-2.0 -> 1.5; Ky default 1.0"
bajra,0.30,1.00,0.30,1.50,0.55,1.00,0,0,"FAO-56 T12/T22 millet; Ky default 1.0"
ragi,0.30,1.00,0.30,1.50,0.55,1.00,0,0,"FAO-56 T12/T22 millet used for finger millet; Ky default 1.0"
tur,0.40,1.05,0.50,1.00,0.50,1.00,0,1,"Pigeon pea not listed in FAO-56 T12/T22: proxied with mung/green gram Kc, chickpea Zr/p (ESTIMATE); Ky default 1.0"
chana,0.40,1.00,0.35,0.80,0.50,1.00,0,0,"FAO-56 T12 chickpea, T22 Zr 0.6-1.0 -> 0.8, p 0.50; Ky default 1.0"
moong,0.40,1.05,0.47,0.80,0.45,1.00,0,0,"FAO-56 T12 mung/green gram (end 0.60-0.35 -> 0.47), T22 Zr 0.6-1.0 -> 0.8, p 0.45; Ky default 1.0"
urad,0.40,1.05,0.47,0.80,0.45,1.00,0,1,"Black gram not listed: proxied with mung/green gram (ESTIMATE); Ky default 1.0"
masoor,0.40,1.10,0.30,0.70,0.50,1.00,0,0,"FAO-56 T12 lentil, T22 Zr 0.6-0.8 -> 0.7, p 0.50; Ky default 1.0"
soybean,0.40,1.15,0.50,0.95,0.50,0.85,1,0,"FAO-56 T12/T22 (Zr 0.6-1.3 -> 0.95); Ky 0.85 FAO-33 (FAO Y3655E)"
groundnut,0.40,1.15,0.60,0.75,0.50,0.70,1,0,"FAO-56 T12/T22 (Zr 0.5-1.0 -> 0.75); Ky 0.70 FAO-33 (FAO Y3655E)"
mustard,0.40,1.075,0.35,1.25,0.60,1.00,0,0,"FAO-56 T12 mustard/rapeseed (mid 1.0-1.15 -> 1.075), T22 Zr 1.0-1.5 -> 1.25; Ky default 1.0"
sesame,0.35,1.10,0.25,1.25,0.60,1.00,0,0,"FAO-56 T12/T22 sesame; Ky default 1.0"
cotton,0.35,1.175,0.60,1.35,0.65,0.85,1,0,"FAO-56 T12 (mid 1.15-1.20, end 0.70-0.50), T22 Zr 1.0-1.7 -> 1.35; Ky 0.85 FAO-33 (FAO Y3655E)"
sugarcane,0.40,1.25,0.75,1.60,0.65,1.20,1,0,"FAO-56 T12/T22 (Zr 1.2-2.0 -> 1.6); Ky 1.20 FAO-33 (FAO Y3655E)"
potato,0.50,1.15,0.75,0.50,0.35,1.10,1,0,"FAO-56 T12/T22 (Zr 0.4-0.6 -> 0.5); Ky 1.10 FAO-33 (FAO Y3655E)"
onion,0.70,1.05,0.75,0.45,0.30,1.13,1,0,"FAO-56 T12/T22 dry onion (Zr 0.3-0.6 -> 0.45); Ky 1.13 FAO-33 (cited in a search result, not a table I read)"
tomato,0.60,1.15,0.80,1.10,0.40,1.00,0,0,"FAO-56 T12 (end 0.70-0.90 -> 0.80), T22 Zr 0.7-1.5 -> 1.1; Ky default 1.0"
brinjal,0.60,1.05,0.90,0.95,0.45,1.00,0,0,"FAO-56 T12/T22 eggplant (Zr 0.7-1.2 -> 0.95); Ky default 1.0"
okra,0.60,1.05,0.90,0.95,0.45,1.00,0,1,"Okra not listed: proxied with eggplant (ESTIMATE); Ky default 1.0"
cauliflower,0.70,1.05,0.95,0.55,0.45,1.00,0,0,"FAO-56 T12/T22 (Zr 0.4-0.7 -> 0.55); Ky default 1.0"
cabbage,0.70,1.05,0.95,0.65,0.45,1.00,0,0,"FAO-56 T12/T22 (Zr 0.5-0.8 -> 0.65); Ky default 1.0"
green_chilli,0.60,1.05,0.90,0.75,0.30,1.00,0,0,"FAO-56 T12/T22 peppers (Zr 0.5-1.0 -> 0.75); Ky default 1.0"
bottle_gourd,0.50,0.95,0.75,0.80,0.50,1.00,0,0,"FAO-56 T12/T22 squash/gourd (Zr 0.6-1.0 -> 0.8); Ky default 1.0"
garlic,0.70,1.00,0.70,0.40,0.30,1.00,0,0,"FAO-56 T12/T22 garlic (Zr 0.3-0.5 -> 0.4); Ky default 1.0"
turmeric,0.50,1.10,0.70,0.50,0.35,1.00,0,1,"Turmeric not listed: generic shallow-rooted root crop (ESTIMATE); Ky default 1.0"
coriander,0.50,1.00,0.90,0.40,0.40,1.00,0,1,"Leafy coriander not verified in FAO-56 tables read here (ESTIMATE); Ky default 1.0"
banana,0.50,1.10,1.00,0.70,0.35,1.00,0,0,"FAO-56 T12 banana 1st year, T22 Zr 0.5-0.9 -> 0.7, p 0.35; Ky default 1.0 (FAO-33 range 1.2-1.35 not verified)"
